{
  "testEngine": {
    "name": "axe-core",
    "version": "4.11.1"
  },
  "testRunner": {
    "name": "axe"
  },
  "testEnvironment": {
    "userAgent": "Mozilla/5.0 (Macintosh; Intel Mac OS X 10_15_7) AppleWebKit/537.36 (KHTML, like Gecko) Chrome/143.0.0.0 Safari/537.36",
    "windowWidth": 1280,
    "windowHeight": 720,
    "orientationAngle": 0,
    "orientationType": "landscape-primary"
  },
  "timestamp": "2026-01-15T13:47:00.530Z",
  "url": "https://httpbin.org/",
  "toolOptions": {
    "runOnly": {
      "type": "tag",
      "values": [
        "wcag21a",
        "wcag21aa",
        "wcag21aaa"
      ]
    },
    "reporter": "v1"
  },
  "inapplicable": [
    {
      "id": "autocomplete-valid",
      "impact": null,
      "tags": [
        "cat.forms",
        "wcag21aa",
        "wcag135",
        "EN-301-549",
        "EN-9.1.3.5",
        "ACT",
        "RGAAv4",
        "RGAA-11.13.1"
      ],
      "description": "Ensure the autocomplete attribute is correct and suitable for the form field",
      "help": "autocomplete attribute must be used correctly",
      "helpUrl": "https://dequeuniversity.com/rules/axe/4.11/autocomplete-valid?application=playwright",
      "nodes": []
    }
  ],
  "passes": [
    {
      "id": "avoid-inline-spacing",
      "impact": null,
      "tags": [
        "cat.structure",
        "wcag21aa",
        "wcag1412",
        "EN-301-549",
        "EN-9.1.4.12",
        "ACT"
      ],
      "description": "Ensure that text spacing set through style attributes can be adjusted with custom stylesheets",
      "help": "Inline text spacing must be adjustable with custom stylesheets",
      "helpUrl": "https://dequeuniversity.com/rules/axe/4.11/avoid-inline-spacing?application=playwright",
      "nodes": [
        {
          "any": [],
          "all": [
            {
              "id": "important-letter-spacing",
              "data": null,
              "relatedNodes": [],
              "impact": "serious",
              "message": "Letter-spacing in the style attribute is not set to !important, or meets the minimum"
            },
            {
              "id": "important-word-spacing",
              "data": null,
              "relatedNodes": [],
              "impact": "serious",
              "message": "word-spacing in the style attribute is not set to !important, or meets the minimum"
            },
            {
              "id": "important-line-height",
              "data": null,
              "relatedNodes": [],
              "impact": "serious",
              "message": "line-height in the style attribute is not set to !important, or meets the minimum"
            }
          ],
          "none": [],
          "impact": null,
          "html": "<span style=\"float: right;\">\n                    [Powered by\n                    <a target=\"_blank\" href=\"https://github.com/rochacbruno/flasgger\">Flasgger</a>]\n                    <br>\n                </span>",
          "target": [
            ".clear > span"
          ]
        }
      ]
    }
  ],
  "incomplete": [],
  "violations": []
}
