{
  "metadata": {
    "runId": "run_1768484309531",
    "standard": "wcag21",
    "conformance": "AA",
    "scanType": "full",
    "startTime": "2026-01-15T13:38:35.203Z",
    "endTime": "2026-01-15T13:38:35.203Z"
  },
  "pages": [
    {
      "index": 1,
      "url": "https://example.com",
      "title": "Example Domain",
      "timestamp": "2026-01-15T13:38:35.194Z",
      "issues": {
        "total": 0,
        "byImpact": {}
      }
    }
  ],
  "totals": {
    "totalPages": 1,
    "totalIssues": 0,
    "byImpact": {},
    "topRules": []
  }
}
