{
  "metadata": {
    "runId": "replay_1768484809125",
    "standard": "wcag21",
    "conformance": "AA",
    "scanType": "full",
    "startTime": "2026-01-15T13:47:00.644Z",
    "endTime": "2026-01-15T13:47:00.644Z"
  },
  "pages": [
    {
      "index": 1,
      "url": "https://example.com",
      "title": "Example Domain",
      "timestamp": "2026-01-15T13:45:00.000Z",
      "issues": {
        "total": 0,
        "byImpact": {}
      }
    },
    {
      "index": 2,
      "url": "https://httpbin.org",
      "title": "httpbin.org",
      "timestamp": "2026-01-15T13:45:05.000Z",
      "issues": {
        "total": 0,
        "byImpact": {}
      }
    }
  ],
  "totals": {
    "totalPages": 2,
    "totalIssues": 0,
    "byImpact": {},
    "topRules": []
  }
}
