{
  "metadata": {
    "runId": "run_1768484357416",
    "standard": "wcag21",
    "conformance": "AA",
    "scanType": "full",
    "startTime": "2026-01-15T13:39:54.882Z",
    "endTime": "2026-01-15T13:39:54.882Z"
  },
  "pages": [
    {
      "index": 1,
      "url": "https://www.google.com",
      "title": "Google",
      "timestamp": "2026-01-15T13:39:21.818Z",
      "issues": {
        "total": 0,
        "byImpact": {}
      }
    },
    {
      "index": 2,
      "url": "https://www.google.com/imghp?hl=en&ogbl",
      "title": "Google Images",
      "timestamp": "2026-01-15T13:39:25.280Z",
      "issues": {
        "total": 0,
        "byImpact": {}
      }
    },
    {
      "index": 3,
      "url": "https://www.google.com/setprefs?sig=0_GcevIgU1IF7qWhT5g4DlbHC0N6c%3D&hl=hi&source=homepage&sa=X&ved=0ahUKEwj2mN3P1Y2SAxXPc_UHHUGROBYQ2ZgBCCA",
      "title": "Google",
      "timestamp": "2026-01-15T13:39:28.819Z",
      "issues": {
        "total": 0,
        "byImpact": {}
      }
    },
    {
      "index": 4,
      "url": "https://www.google.com/setprefs?sig=0_GcevIgU1IF7qWhT5g4DlbHC0N6c%3D&hl=bn&source=homepage&sa=X&ved=0ahUKEwj2mN3P1Y2SAxXPc_UHHUGROBYQ2ZgBCCE",
      "title": "Google",
      "timestamp": "2026-01-15T13:39:32.432Z",
      "issues": {
        "total": 0,
        "byImpact": {}
      }
    },
    {
      "index": 5,
      "url": "https://www.google.com/setprefs?sig=0_GcevIgU1IF7qWhT5g4DlbHC0N6c%3D&hl=te&source=homepage&sa=X&ved=0ahUKEwj2mN3P1Y2SAxXPc_UHHUGROBYQ2ZgBCCI",
      "title": "Google",
      "timestamp": "2026-01-15T13:39:36.179Z",
      "issues": {
        "total": 0,
        "byImpact": {}
      }
    },
    {
      "index": 6,
      "url": "https://www.google.com/setprefs?sig=0_GcevIgU1IF7qWhT5g4DlbHC0N6c%3D&hl=mr&source=homepage&sa=X&ved=0ahUKEwj2mN3P1Y2SAxXPc_UHHUGROBYQ2ZgBCCM",
      "title": "Google",
      "timestamp": "2026-01-15T13:39:39.883Z",
      "issues": {
        "total": 0,
        "byImpact": {}
      }
    },
    {
      "index": 7,
      "url": "https://www.google.com/setprefs?sig=0_GcevIgU1IF7qWhT5g4DlbHC0N6c%3D&hl=ta&source=homepage&sa=X&ved=0ahUKEwj2mN3P1Y2SAxXPc_UHHUGROBYQ2ZgBCCQ",
      "title": "Google",
      "timestamp": "2026-01-15T13:39:43.582Z",
      "issues": {
        "total": 0,
        "byImpact": {}
      }
    },
    {
      "index": 8,
      "url": "https://www.google.com/setprefs?sig=0_GcevIgU1IF7qWhT5g4DlbHC0N6c%3D&hl=gu&source=homepage&sa=X&ved=0ahUKEwj2mN3P1Y2SAxXPc_UHHUGROBYQ2ZgBCCU",
      "title": "Google",
      "timestamp": "2026-01-15T13:39:47.307Z",
      "issues": {
        "total": 0,
        "byImpact": {}
      }
    },
    {
      "index": 9,
      "url": "https://www.google.com/setprefs?sig=0_GcevIgU1IF7qWhT5g4DlbHC0N6c%3D&hl=kn&source=homepage&sa=X&ved=0ahUKEwj2mN3P1Y2SAxXPc_UHHUGROBYQ2ZgBCCY",
      "title": "Google",
      "timestamp": "2026-01-15T13:39:51.167Z",
      "issues": {
        "total": 0,
        "byImpact": {}
      }
    },
    {
      "index": 10,
      "url": "https://www.google.com/setprefs?sig=0_GcevIgU1IF7qWhT5g4DlbHC0N6c%3D&hl=ml&source=homepage&sa=X&ved=0ahUKEwj2mN3P1Y2SAxXPc_UHHUGROBYQ2ZgBCCc",
      "title": "Google",
      "timestamp": "2026-01-15T13:39:54.878Z",
      "issues": {
        "total": 0,
        "byImpact": {}
      }
    }
  ],
  "totals": {
    "totalPages": 10,
    "totalIssues": 0,
    "byImpact": {},
    "topRules": []
  }
}
