{
  "metadata": {
    "runId": "scripted_1768483669006",
    "standard": "wcag21",
    "conformance": "AA",
    "scanType": "full",
    "startTime": "2026-01-15T13:27:51.742Z",
    "endTime": "2026-01-15T13:27:51.742Z"
  },
  "pages": [
    {
      "index": 1,
      "url": "https://example.com/",
      "title": "Home Page",
      "timestamp": "2026-01-15T13:27:51.742Z",
      "issues": {
        "total": 0,
        "byImpact": {}
      }
    }
  ],
  "totals": {
    "totalPages": 1,
    "totalIssues": 0,
    "byImpact": {},
    "topRules": []
  }
}
