{
  "testEngine": {
    "name": "axe-core",
    "version": "4.11.1"
  },
  "testRunner": {
    "name": "axe"
  },
  "testEnvironment": {
    "userAgent": "Mozilla/5.0 (Macintosh; Intel Mac OS X 10_15_7) AppleWebKit/537.36 (KHTML, like Gecko) Chrome/143.0.0.0 Safari/537.36",
    "windowWidth": 1280,
    "windowHeight": 720,
    "orientationAngle": 0,
    "orientationType": "landscape-primary"
  },
  "timestamp": "2026-01-15T13:39:54.749Z",
  "url": "https://www.google.com/",
  "toolOptions": {
    "runOnly": {
      "type": "tag",
      "values": [
        "wcag21a",
        "wcag21aa",
        "wcag21aaa"
      ]
    },
    "reporter": "v1"
  },
  "inapplicable": [],
  "passes": [
    {
      "id": "autocomplete-valid",
      "impact": null,
      "tags": [
        "cat.forms",
        "wcag21aa",
        "wcag135",
        "EN-301-549",
        "EN-9.1.3.5",
        "ACT",
        "RGAAv4",
        "RGAA-11.13.1"
      ],
      "description": "Ensure the autocomplete attribute is correct and suitable for the form field",
      "help": "autocomplete attribute must be used correctly",
      "helpUrl": "https://dequeuniversity.com/rules/axe/4.11/autocomplete-valid?application=playwright",
      "nodes": [
        {
          "any": [],
          "all": [
            {
              "id": "autocomplete-valid",
              "data": null,
              "relatedNodes": [],
              "impact": "serious",
              "message": "the autocomplete attribute is correctly formatted"
            }
          ],
          "none": [],
          "impact": null,
          "html": "<textarea jsname=\"yZiJbe\" class=\"gLFyf\" aria-controls=\"Alh6id\" aria-owns=\"Alh6id\" autofocus=\"\" title=\"Search\" value=\"\" aria-label=\"Search\" placeholder=\"\" aria-autocomplete=\"both\" aria-expanded=\"false\" aria-haspopup=\"false\" autocapitalize=\"off\" autocomplete=\"off\" autocorrect=\"off\" id=\"APjFqb\" maxleng ...>",
          "target": [
            "#APjFqb"
          ]
        }
      ]
    },
    {
      "id": "avoid-inline-spacing",
      "impact": null,
      "tags": [
        "cat.structure",
        "wcag21aa",
        "wcag1412",
        "EN-301-549",
        "EN-9.1.4.12",
        "ACT"
      ],
      "description": "Ensure that text spacing set through style attributes can be adjusted with custom stylesheets",
      "help": "Inline text spacing must be adjustable with custom stylesheets",
      "helpUrl": "https://dequeuniversity.com/rules/axe/4.11/avoid-inline-spacing?application=playwright",
      "nodes": [
        {
          "any": [],
          "all": [
            {
              "id": "important-letter-spacing",
              "data": null,
              "relatedNodes": [],
              "impact": "serious",
              "message": "Letter-spacing in the style attribute is not set to !important, or meets the minimum"
            },
            {
              "id": "important-word-spacing",
              "data": null,
              "relatedNodes": [],
              "impact": "serious",
              "message": "word-spacing in the style attribute is not set to !important, or meets the minimum"
            },
            {
              "id": "important-line-height",
              "data": null,
              "relatedNodes": [],
              "impact": "serious",
              "message": "line-height in the style attribute is not set to !important, or meets the minimum"
            }
          ],
          "none": [],
          "impact": null,
          "html": "<image src=\"https://ssl.gstatic.com/gb/images/bar/al-icon.png\" alt=\"\" height=\"24\" width=\"24\" style=\"border:none;display:none \\9\"></image>",
          "target": [
            "image"
          ]
        },
        {
          "any": [],
          "all": [
            {
              "id": "important-letter-spacing",
              "data": null,
              "relatedNodes": [],
              "impact": "serious",
              "message": "Letter-spacing in the style attribute is not set to !important, or meets the minimum"
            },
            {
              "id": "important-word-spacing",
              "data": null,
              "relatedNodes": [],
              "impact": "serious",
              "message": "word-spacing in the style attribute is not set to !important, or meets the minimum"
            },
            {
              "id": "important-line-height",
              "data": null,
              "relatedNodes": [],
              "impact": "serious",
              "message": "line-height in the style attribute is not set to !important, or meets the minimum"
            }
          ],
          "none": [],
          "impact": null,
          "html": "<textarea jsname=\"yZiJbe\" class=\"gLFyf\" aria-controls=\"Alh6id\" aria-owns=\"Alh6id\" autofocus=\"\" title=\"Search\" value=\"\" aria-label=\"Search\" placeholder=\"\" aria-autocomplete=\"both\" aria-expanded=\"false\" aria-haspopup=\"false\" autocapitalize=\"off\" autocomplete=\"off\" autocorrect=\"off\" id=\"APjFqb\" maxleng ...>",
          "target": [
            "#APjFqb"
          ]
        },
        {
          "any": [],
          "all": [
            {
              "id": "important-letter-spacing",
              "data": null,
              "relatedNodes": [],
              "impact": "serious",
              "message": "Letter-spacing in the style attribute is not set to !important, or meets the minimum"
            },
            {
              "id": "important-word-spacing",
              "data": null,
              "relatedNodes": [],
              "impact": "serious",
              "message": "word-spacing in the style attribute is not set to !important, or meets the minimum"
            },
            {
              "id": "important-line-height",
              "data": null,
              "relatedNodes": [],
              "impact": "serious",
              "message": "line-height in the style attribute is not set to !important, or meets the minimum"
            }
          ],
          "none": [],
          "impact": null,
          "html": "<span class=\"PD3zdc z1asCe\" style=\"height:20px;line-height:20px;width:20px\">",
          "target": [
            ".PD3zdc"
          ]
        },
        {
          "any": [],
          "all": [
            {
              "id": "important-letter-spacing",
              "data": null,
              "relatedNodes": [],
              "impact": "serious",
              "message": "Letter-spacing in the style attribute is not set to !important, or meets the minimum"
            },
            {
              "id": "important-word-spacing",
              "data": null,
              "relatedNodes": [],
              "impact": "serious",
              "message": "word-spacing in the style attribute is not set to !important, or meets the minimum"
            },
            {
              "id": "important-line-height",
              "data": null,
              "relatedNodes": [],
              "impact": "serious",
              "message": "line-height in the style attribute is not set to !important, or meets the minimum"
            }
          ],
          "none": [],
          "impact": null,
          "html": "<input class=\"gNO89b\" value=\"Google Search\" aria-label=\"Google Search\" name=\"btnK\" role=\"button\" tabindex=\"0\" type=\"submit\" data-ved=\"0ahUKEwibqsPf1Y2SAxWJle4BHfEjOGYQ4dUDCBc\" style=\"\">",
          "target": [
            ".FPdoLc > center > .gNO89b[value=\"Google Search\"][aria-label=\"Google Search\"]"
          ]
        },
        {
          "any": [],
          "all": [
            {
              "id": "important-letter-spacing",
              "data": null,
              "relatedNodes": [],
              "impact": "serious",
              "message": "Letter-spacing in the style attribute is not set to !important, or meets the minimum"
            },
            {
              "id": "important-word-spacing",
              "data": null,
              "relatedNodes": [],
              "impact": "serious",
              "message": "word-spacing in the style attribute is not set to !important, or meets the minimum"
            },
            {
              "id": "important-line-height",
              "data": null,
              "relatedNodes": [],
              "impact": "serious",
              "message": "line-height in the style attribute is not set to !important, or meets the minimum"
            }
          ],
          "none": [],
          "impact": null,
          "html": "<input jscontroller=\"s980lf\" class=\"RNmpXc\" value=\"എനിക്ക് ഭാഗ്യമുണ്ടെന്ന് തോന്നുന്നു\" aria-label=\"എനിക്ക് ഭാഗ്യമുണ്ടെന്ന് തോന്നുന്നു\" name=\"btnI\" type=\"submit\" jsaction=\"rcuQ6b:npT2md;QIWlh\" data-ved=\"0ahUKEwibqsPf1Y2SAxWJle4BHfEjOGYQ19QECBg\" style=\"\">",
          "target": [
            ".FPdoLc > center > .RNmpXc[jscontroller=\"s980lf\"][name=\"btnI\"]"
          ]
        },
        {
          "any": [],
          "all": [
            {
              "id": "important-letter-spacing",
              "data": null,
              "relatedNodes": [],
              "impact": "serious",
              "message": "Letter-spacing in the style attribute is not set to !important, or meets the minimum"
            },
            {
              "id": "important-word-spacing",
              "data": null,
              "relatedNodes": [],
              "impact": "serious",
              "message": "word-spacing in the style attribute is not set to !important, or meets the minimum"
            },
            {
              "id": "important-line-height",
              "data": null,
              "relatedNodes": [],
              "impact": "serious",
              "message": "line-height in the style attribute is not set to !important, or meets the minimum"
            }
          ],
          "none": [],
          "impact": null,
          "html": "<div style=\"background:url(/images/searchbox/desktop_searchbox_sprites318_hr.webp)\"> </div>",
          "target": [
            "div[jsmodel=\"b5W85 vNzKHd\"] > div:nth-child(2)"
          ]
        }
      ]
    }
  ],
  "incomplete": [],
  "violations": []
}
